0+0i,0.048237206721458-0.0196598280189694i
0.01+0i,0.0522719627908486-0.0151756442842346i
0.02+0i,0.0495072310789466-0.0261131986454876i
0.03+0i,0.0490696119011973-0.0129794486557639i
0.04+0i,0.051138678072847-0.0258442669716378i
0.05+0i,0.0468436734584714-0.0158158877164064i
0.06+0i,0.0506697983846701-0.016564251069938i
0.07+0i,0.0463680345977149-0.0258983581008142i
0.08+0i,0.047330300166841-0.0165465585313057i
0.09+0i,0.0501911453798771-0.0285061044431436i
0.1+0i,0.0486776854777736-0.0145973251449519i
0.11+0i,0.0520827836704894-0.0201059117131982i
0.12+0i,0.0486806192643109-0.0229929681216465i
0.13+0i,0.0502207295303162-0.0181930448255049i
0.14+0i,0.0464641035239031-0.0251505992108513i
0.15+0i,0.0474711301495393-0.0138424018126707i
0.16+0i,0.0515713018649719-0.0263528467412416i
0.17+0i,0.0475339458745541-0.018818508825827i
0.18+0i,0.0515209481427017-0.0193740319711616i
0.19+0i,0.0498132430564358-0.0220255919137716i
0.2+0i,0.0499488917222065-0.0133972640321283i
0.21+0i,0.0490205435990129-0.0262817851121332i
0.22+0i,0.0475565113622533-0.0150632313330716i
0.23+0i,0.0523827836704893-0.0239925082734027i
0.24+0i,0.049526329379509-0.0202792709146515i
0.25+0i,0.0503355379460768-0.0160830330397432i
0.26+0i,0.0483652532819348-0.0263820462047515i
0.27+0i,0.0503809431796755-0.0138021262515862i
0.28+0i,0.0525105131142438-0.0249871071798351i
0.29+0i,0.0472877469272011-0.0140172934783366i
0.3+0i,0.0513475599573372-0.0165771065084734i
0.31+0i,0.0484263293795089-0.0243311150591061i
0.32+0i,0.0487816339124578-0.0165320522304318i
0.33+0i,0.0515037249577534-0.02757393773255i
0.34+0i,0.0511706142771916-0.0133673403752895i
0.35+0i,0.0525567441905095-0.0226885919676313i
0.36+0i,0.0477398548710714-0.0203380494398808i
0.37+0i,0.0506077267097439-0.0149375538090834i
0.38+0i,0.0488865108999556-0.0259983902297275i
0.39+0i,0.0485243736355706-0.0156259567504417i
0.4+0i,0.0501195945403246-0.0280772495747531i
0.41+0i,0.0467268695852519-0.018096730246739i
0.42+0i,0.052313299518744-0.0191571156115303i
0.43+0i,0.0506774791375405-0.0206984348046732i
0.44+0i,0.0503670441090826-0.0126830600799371i
0.45+0i,0.0503314300681125-0.0267604122409876i
0.46+0i,0.0482739165540393-0.0122414192934369i
0.47+0i,0.0503963588257177-0.0237093686089294i
0.48+0i,0.0476115209637483-0.0221787550423039i
0.49+0i,0.0501327515415765-0.0143678979419061i
0.5+0i,0.0475755532005079-0.0243169111069137i
0.51+0i,0.0482940295027487-0.014906504727609i
0.52+0i,0.050977113143118-0.0258882890667789i
0.53+0i,0.0505619510050868-0.0161810697111976i
0.54+0i,0.053922483751916-0.0217722800715692i
0.55+0i,0.0478925848132636-0.0243999947472825i
0.56+0i,0.0496979458085202-0.0155096448543792i
0.57+0i,0.0490370028771121-0.0287918913638016i
0.58+0i,0.0471887249698-0.014718004067879i
0.59+0i,0.0525681938671142-0.0248762528396486i
0.6+0i,0.0489926412755711-0.0223544177982522i
0.61+0i,0.0504192260500142-0.0174712662464164i
0.62+0i,0.0483474231375298-0.0244436290475238i
0.63+0i,0.0484696119011973-0.0121794486557637i
0.64+0i,0.0515816017835449-0.0253779872044885i
0.65+0i,0.0488293877137007-0.0154793476185109i
0.66+0i,0.0502364640030028-0.0196098188918187i
0.67+0i,0.0475295756322529-0.0240670493618008i
0.68+0i,0.0520881943294121-0.0147793476185097i
0.69+0i,0.0503684819999257-0.0260604122409878i
0.7+0i,0.0483874420456016-0.0142789617673277i
0.71+0i,0.0513858053991334-0.0245903506658662i
0.72+0i,0.0475816537692178-0.0202478895102102i
0.73+0i,0.0516399164220991-0.0192577522040128i
0.74+0i,0.0490306192643109-0.0277897834199304i
0.75+0i,0.0507963091620517-0.0143315295594421i
0.76+0i,0.051239282536415-0.0286761852629414i
0.77+0i,0.0468040023609554-0.0192837274261663i
0.78+0i,0.0487975034950289-0.0222549901329078i
0.79+0i,0.0457708062341747-0.0245984912669808i
0.8+0i,0.0513788204677648-0.0151516425081513i
0.81+0i,0.050741349224222-0.0262690755130932i
0.82+0i,0.0478967837783357-0.0128961341308582i
0.83+0i,0.0507147465367381-0.0227282630651461i
0.84+0i,0.046541980349695-0.0198912929259118i
0.85+0i,0.0516404322944471-0.0197576048219748i
0.86+0i,0.0519404322944468-0.0267397834199312i
0.87+0i,0.049621186611847-0.0138152176633804i
0.88+0i,0.047682108528741-0.0293093010322238i
0.89+0i,0.0442355825210227-0.0179021969297643i
0.9+0i,0.0490132109275231-0.0222855381100744i
0.91+0i,0.0474006114928865-0.0244735725611224i
0.92+0i,0.0515642255756696-0.0175548680811414i
0.93+0i,0.0497184769112049-0.0296705988501559i
0.94+0i,0.0464870028771127-0.0140146600967629i
0.95+0i,0.0521876458899472-0.02553767038734i
0.96+0i,0.0484326950792684-0.0205906884623439i
0.97+0i,0.0517610340753112-0.0189961551453709i
0.98+0i,0.0487538357342419-0.0263027314881186i
0.99+0i,0.0486345900516431-0.0135770210622533i
1+0i,0.0504484204248046-0.0278881269167016i
1.01+0i,0.0474143587418365-0.0169395883679779i
1.02+0i,0.0515339283398007-0.0225059360465942i
1.03+0i,0.0489617395761334-0.0229257044001847i
1.04+0i,0.0522262526756508-0.0166391606486454i
1.05+0i,0.0489412927619146-0.0299517043939368i
1.06+0i,0.0467218407390816-0.0150995635481916i
1.07+0i,0.0505746927330402-0.0267572399853053i
1.08+0i,0.0442132876313811-0.021315811012549i
1.09+0i,0.0474513220824285-0.0188859736249248i
1.1+0i,0.0463502044533106-0.0264240438585233i
1.11+0i,0.0477658943510512-0.0168374064270462i
1.12+0i,0.0510728232583155-0.0282772817036663i
1.13+0i,0.0480989978481799-0.016689275901772i
1.14+0i,0.0528839334285202-0.0245239552673047i
1.15+0i,0.049974120398385-0.0226510559140929i
1.16+0i,0.0509707295303161-0.0154259857343522i
1.17+0i,0.0474129537658713-0.0285934096121433i
1.18+0i,0.0471553905881325-0.0134107437909928i
1.19+0i,0.0528560336009665-0.0259978569965083i
1.2+0i,0.04648061926431-0.0215929681216484i
1.21+0i,0.0493383564794896-0.0188174476590162i
1.22+0i,0.0484055288430191-0.0249191765503465i
1.23+0i,0.0472362831604192-0.0156359029467451i
1.24+0i,0.0458352955524646-0.028577301560427i
1.25+0i,0.0445294842743189-0.0175153031095997i
1.26+0i,0.0510583808369783-0.0276903557545858i
1.27+0i,0.0479605063156014-0.0241745597308717i
1.28+0i,0.0499332403737314-0.0167191132893965i
1.29+0i,0.0474332018244648-0.0305388168264905i
1.3+0i,0.0458397892816121-0.0142175120907239i
1.31+0i,0.0484985678068421-0.0268186896619088i
1.32+0i,0.04476214296207-0.020794144919871i
1.33+0i,0.0497034351150192-0.0204441449198715i
1.34+0i,0.047483201824465-0.0267555178926181i
1.35+0i,0.0491891351543778-0.0157145070738383i
1.36+0i,0.0492348949332425-0.0286716966225123i
1.37+0i,0.0459974057766577-0.0132201923692485i
1.38+0i,0.0519001567333625-0.022109424633034i
1.39+0i,0.0479225283268617-0.0227261963773409i
1.4+0i,0.0480790836550958-0.0183962703984958i
1.41+0i,0.0474153864481-0.031515401600934i
1.42+0i,0.0465273074221081-0.0152256030281709i
1.43+0i,0.0489909481667948-0.0277044535808048i
1.44+0i,0.0468506436217992-0.019951049493741i
1.45+0i,0.0480581769926322-0.0208760246619087i
1.46+0i,0.0440631159159481-0.0264021591534629i
1.47+0i,0.048521328905165-0.0164188855498589i
1.48+0i,0.0488055237542993-0.0330425908389436i
1.49+0i,0.0434848384709339-0.0181078262010734i
1.5+0i,0.0489311915989662-0.0244305427244511i
1.51+0i,0.0466524988806528-0.0224141743660811i
1.52+0i,0.0486420368120022-0.0152093002592617i
1.53+0i,0.0488586689697895-0.0288745151559257i
1.54+0i,0.0480353983595567-0.0158711143877443i
1.55+0i,0.0492996114388991-0.0289761761357905i
1.56+0i,0.0440571424877251-0.0200243765662824i
1.57+0i,0.0490326950792678-0.0198906884623455i
1.58+0i,0.0459985113445339-0.0260434958813563i
1.59+0i,0.0463249808658519-0.0158656889607813i
1.6+0i,0.0497454352646785-0.0296104829191672i
1.61+0i,0.0458075725290637-0.0147566199807345i
1.62+0i,0.0484646809472779-0.0241554293013982i
1.63+0i,0.0449919147602349-0.0226499382849769i
1.64+0i,0.0470616509849121-0.018622309878477i
1.65+0i,0.045212543581291-0.0310723575483928i
1.66+0i,0.046297880219062-0.0164402126883048i
1.67+0i,0.0513496023117495-0.0304136942762839i
1.68+0i,0.0474304154199657-0.018511349412313i
1.69+0i,0.0516276996936442-0.0192184821639235i
1.7+0i,0.0481875894276388-0.0270821026670604i
1.71+0i,0.0481576702474353-0.0188520816766412i
1.72+0i,0.0479255532005068-0.0310463501973242i
1.73+0i,0.0440283396050072-0.0151740995478713i
1.74+0i,0.0487420689409142-0.0265919924010574i
1.75+0i,0.0467176661074028-0.0242256240426873i
1.76+0i,0.0497817368934282-0.0201082924097588i
1.77+0i,0.0474005780323415-0.0300750553616676i
1.78+0i,0.0494576611202852-0.0137889743390531i
1.79+0i,0.0521621497607125-0.0304353282400489i
1.8+0i,0.0473578034136023-0.0203780941164273i
1.81+0i,0.0524159797972698-0.0219456392730229i
1.82+0i,0.0483555058412565-0.0271469110828218i
1.83+0i,0.0496228053452732-0.0153450550510058i
1.84+0i,0.0506156634665115-0.0299168344030577i
1.85+0i,0.048901073663137-0.0162543967837411i
1.86+0i,0.0505441447558714-0.0276305991867616i
1.87+0i,0.0442539169147373-0.0251679162496193i
1.88+0i,0.047293101123816-0.0203619778309872i
1.89+0i,0.0453516423441536-0.0326963180684094i
1.9+0i,0.0487771131431177-0.0176456324743796i
1.91+0i,0.0527170119801697-0.031321328132203i
1.92+0i,0.0463800418409348-0.0209667890551479i
1.93+0i,0.0514140589489565-0.0231194936670702i
1.94+0i,0.0466189978722723-0.0293456281586243i
1.95+0i,0.0475685972530493-0.0203988946529194i
1.96+0i,0.0494011554557141-0.0350290988079303i
1.97+0i,0.0475924425199447-0.0180463765244717i
1.98+0i,0.052287073555292-0.0271066355217345i
1.99+0i,0.044970806234175-0.0230755919137707i
2+0i,0.0500861153694525-0.0193528578556411i
2.01+0i,0.0496375803004881-0.0312751439528899i
2.02+0i,0.0471721944613517-0.0159950550510047i
2.03+0i,0.0498461549813713-0.0317451535423394i
2.04+0i,0.043586914285891-0.0200487550663986i
2.05+0i,0.0476770566808085-0.0241966829050821i
2.06+0i,0.0467526538472965-0.0309582275932613i
2.07+0i,0.050337613761033-0.0208180250823956i
2.08+0i,0.0498576046579779-0.031750067747467i
2.09+0i,0.0456516216643989-0.0151650992652516i
2.1+0i,0.0484559115492007-0.0290510627127353i
2.11+0i,0.0433625114523805-0.023955921278553i
2.12+0i,0.0499388966852324-0.0206463589897157i
2.13+0i,0.049321840739081-0.0313360212948395i
2.14+0i,0.0483928527045239-0.0150435515707036i
2.15+0i,0.0510016312297523-0.030795340025813i
2.16+0i,0.0458695233099755-0.0174520816766426i
2.17+0i,0.0500036735841637-0.0222646314476139i
2.18+0i,0.0461342661362761-0.0278538812461521i
2.19+0i,0.0477071989500343-0.0178440228681027i
2.2+0i,0.0470126000436018-0.0329908835142954i
2.21+0i,0.0450131774669771-0.0164398069803629i
2.22+0i,0.0495146809472787-0.0291436648300766i
2.23+0i,0.0449939905751933-0.023980371009018i
2.24+0i,0.0491006165816062-0.0184097303005992i
2.25+0i,0.047088556021079-0.0289038812461504i
2.26+0i,0.0446547526640172-0.0165623160057565i
2.27+0i,0.0453140379344424-0.0322727112706625i
2.28+0i,0.0447842661362769-0.0194378455955384i
2.29+0i,0.0517707616592268-0.0256760540840267i
2.3+0i,0.0454685921643311-0.0287054908524231i
2.31+0i,0.0483555623035656-0.01913631507504i
2.32+0i,0.0493561011776751-0.0344261605447545i
2.33+0i,0.0473838627503421-0.0172479269017233i
2.34+0i,0.0502347938959877-0.0297261761357905i
2.35+0i,0.0421190989095268-0.0232347471630342i
2.36+0i,0.049324660604127-0.0208963268608044i
2.37+0i,0.0475141035239014-0.0324028733966466i
2.38+0i,0.0463139882707775-0.0166037183231115i
2.39+0i,0.047989013102609-0.0318805637389665i
2.4+0i,0.0441799762514748-0.0184379838504256i
2.41+0i,0.0509125554686559-0.0241879906490633i
2.42+0i,0.0456120277089456-0.0286663952345656i
2.43+0i,0.0492507000841075-0.0199369516675222i
2.44+0i,0.0461517227016519-0.0337392468678284i
2.45+0i,0.0424153864481009-0.0177924602186976i
2.46+0i,0.0489718407390806-0.0294359327036195i
2.47+0i,0.0453620277089444-0.022278159705888i
2.48+0i,0.0515555673922841-0.0187456659349287i
2.49+0i,0.0472668899284012-0.0285538812461519i
2.5+0i,0.0469625503799343-0.0165053600583006i
2.51+0i,0.0497053905881335-0.0322142248027064i
2.52+0i,0.0453683934087052-0.0177988290634574i
2.53+0i,0.0502233442193836-0.0256635432406069i
2.54+0i,0.0450185265748714-0.027849511003848i
2.55+0i,0.0468028255627307-0.017088214734961i
2.56+0i,0.0458239611289842-0.0326068539602425i
2.57+0i,0.0439631723782564-0.0181941289940796i
2.58+0i,0.048176125535162-0.0321630898127188i
2.59+0i,0.0446983639624951-0.0225693811806594i
2.6+0i,0.0505587075190539-0.0220864036662651i
2.61+0i,0.0471194577205147-0.0343174682887429i
2.62+0i,0.0474156955954261-0.0172879838504209i
2.63+0i,0.0490120932984045-0.0314348536237644i
2.64+0i,0.0460512159564554-0.0173677647757388i
2.65+0i,0.0512531816070081-0.0249581325816852i
2.66+0i,0.0447239611289846-0.0268549455579623i
2.67+0i,0.0476811594700533-0.0210337325148876i
2.68+0i,0.0464897006903902-0.0352860598441066i
2.69+0i,0.0450783396050069-0.0167598685554869i
2.7+0i,0.0500739165540373-0.0311745394893244i
2.71+0i,0.0436211747244835-0.0215879020578468i
2.72+0i,0.0478235108460968-0.0215543522087912i
2.73+0i,0.0460146758585594-0.0315413433625396i
2.74+0i,0.0471825798261441-0.016701996230421i
2.75+0i,0.0494581769926325-0.033901030409943i
2.76+0i,0.0467989413858719-0.0187546494687554i
2.77+0i,0.0523505334573941-0.0260689777947222i
2.78+0i,0.0466955775579953-0.0274955625691652i
2.79+0i,0.0489218741996269-0.018682517167398i
2.8+0i,0.0466011503669946-0.0317245716182366i
2.81+0i,0.0433820520664331-0.0137640877621107i
2.82+0i,0.0499402284500994-0.0291978422284706i
2.83+0i,0.0450141035239035-0.0212758800465819i
2.84+0i,0.0495435724212177-0.0217847619310726i
2.85+0i,0.0463647079874717-0.0329826304267699i
2.86+0i,0.0460254379473831-0.017736261757735i
2.87+0i,0.0491043790849868-0.0345043942378195i
2.88+0i,0.0448665163493721-0.0197509370073299i
2.89+0i,0.049701304547675-0.0275146929986409i
2.9+0i,0.045861515875027-0.0281526388584678i
2.91+0i,0.0483864640030015-0.0206314207266733i
2.92+0i,0.0467946515010676-0.035104008386639i
2.93+0i,0.0457130713410017-0.018406708571958i
2.94+0i,0.0501934007057854-0.0336311925359261i
2.95+0i,0.0458749808658521-0.0217145189611987i
2.96+0i,0.0504494691455821-0.0226922805338664i
2.97+0i,0.0444715804324278-0.0304657411073324i
2.98+0i,0.0452064548999449-0.0159405465538177i
2.99+0i,0.0474686242932418-0.035759256457278i
3+0i,0.0447882949284606-0.0210820573191537i
3.01+0i,0.0513962435725911-0.0310374591856846i
3.02+0i,0.0477764843461517-0.0292764693573241i
3.03+0i,0.0502265228954181-0.0203216962877588i
3.04+0i,0.0460351972819209-0.0350794903000038i
3.05+0i,0.0449304475488785-0.0181531658452124i
3.06+0i,0.0488189978722736-0.034396733341708i
3.07+0i,0.0457835555467356-0.0228242755290276i
3.08+0i,0.0526669109429157-0.0229939461642466i
3.09+0i,0.0454657722992832-0.0324482813969571i
3.1+0i,0.0453401430038821-0.0179931997921518i
3.11+0i,0.0477371181302352-0.0351140034236119i
3.12+0i,0.0454034300262984-0.0186143647805222i
3.13+0i,0.0503368697109437-0.0290781863612921i
3.14+0i,0.0437011503669941-0.028004945557965i
3.15+0i,0.0480888966852329-0.0198365459595781i
3.16+0i,0.045799074552039-0.0350051851848596i
3.17+0i,0.0444126000436012-0.0179435566594222i
3.18+0i,0.0509902284501013-0.0328076552586035i
3.19+0i,0.0463733391306631-0.0219764845101527i
3.2+0i,0.0497325798261432-0.0237640591129568i
3.21+0i,0.0435509786515624-0.0317357705535423i
3.22+0i,0.0439912876731935-0.0190703890301638i
3.23+0i,0.0468022802682655-0.0364662830829156i
3.24+0i,0.0431713785688291-0.0178188855498628i
3.25+0i,0.0492690543345791-0.0282787908248614i
3.26+0i,0.0444592413044427-0.0263826506683249i
3.27+0i,0.0481164396455142-0.0196202340635164i
3.28+0i,0.0466320520664297-0.0344752004152035i
3.29+0i,0.0450255532005075-0.0163581612308381i
3.3+0i,0.0502381526351395-0.0316800061723547i
3.31+0i,0.0455598136391004-0.0205368134126374i
3.32+0i,0.0497940295027503-0.0257172846859411i
3.33+0i,0.0446281678895731-0.0339183943456679i
3.34+0i,0.0463385063574152-0.02043241104142i
3.35+0i,0.0471842661362752-0.0353451237354365i
3.36+0i,0.0433820520664343-0.0169140380984411i
3.37+0i,0.0463770515920868-0.0284739286054042i
3.38+0i,0.0386103970881567-0.0222815414468038i
3.39+0i,0.0445774405882725-0.0168647017910369i
3.4+0i,0.0440348655111262-0.0307348394078953i
3.41+0i,0.042818411321745-0.013508509864394i
3.42+0i,0.0464462881475374-0.0298097581137555i
3.43+0i,0.0418093514688511-0.0180345929823509i
3.44+0i,0.0493201842358515-0.0232939704976442i
3.45+0i,0.0448273372290145-0.0267881416847405i
3.46+0i,0.0445680198296733-0.0146530895261487i
3.47+0i,0.0450375187494608-0.0321652298854989i
3.48+0i,0.043019570206928-0.0129732990354776i
3.49+0i,0.0505662679300813-0.0285951348498326i
3.5+0i,0.0435260920746144-0.0240211262751118i
3.51+0i,0.04633550448553-0.0183624014519748i
3.52+0i,0.0435364751173972-0.0346793841740326i
3.53+0i,0.0437424374312254-0.015263515427454i
3.54+0i,0.0493913731194152-0.0336729028428501i
3.55+0i,0.0441807839102746-0.0192255533645087i
3.56+0i,0.0479280025944966-0.0233734329746005i
3.57+0i,0.0447239611289823-0.0304093240339882i
3.58+0i,0.0481627220953683-0.0167113990759788i
3.59+0i,0.0455860152691543-0.0363511357129271i
3.6+0i,0.0431566170500227-0.0161602691747082i
3.61+0i,0.0483581769926286-0.0299822472823911i
3.62+0i,0.0410462316852298-0.0272468546205139i
3.63+0i,0.0471875894276406-0.0216369760009141i
3.64+0i,0.0450717791880517-0.0358587553529712i
3.65+0i,0.0447531109288304-0.0159695075481788i
3.66+0i,0.0519286635203697-0.0355685981900145i
3.67+0i,0.046230987754622-0.0245016635226628i
3.68+0i,0.0485396239865305-0.0271027636170347i
3.69+0i,0.0422846667555015-0.0335472202301448i
3.7+0i,0.042454894957333-0.0203797307629006i
3.71+0i,0.0435653299857926-0.0350973056763647i
3.72+0i,0.0406899514316877-0.0172919149242394i
3.73+0i,0.0467066735123297-0.0313473823802243i
3.74+0i,0.0406419096715178-0.0271830242473482i
3.75+0i,0.0432262407882869-0.0210618947067791i
3.76+0i,0.042178770031138-0.0305397016273502i
3.77+0i,0.0430515270910275-0.0147236770911419i
3.78+0i,0.0458118238646007-0.0354385072943736i
3.79+0i,0.0400641480988468-0.0201428826754317i
3.8+0i,0.0452217521478608-0.0228467691742935i
3.81+0i,0.0415853543432782-0.0292125445182586i
3.82+0i,0.04441859216433-0.0198543613359442i
3.83+0i,0.04465768136183-0.0371767745736849i
3.84+0i,0.0424539689004085-0.0189348115947407i
3.85+0i,0.0461923570737288-0.0303859005747023i
3.86+0i,0.0404396152441711-0.0258503683263158i
3.87+0i,0.0466337593910821-0.0234662410538846i
3.88+0i,0.0434716988305517-0.0336832027614296i
3.89+0i,0.0425699148020492-0.0183374064270455i
3.9+0i,0.0447151678357118-0.0356158439144281i
3.91+0i,0.0401924672381316-0.0187737798982301i
3.92+0i,0.0468776290154623-0.0247015451245437i
3.93+0i,0.0414960278408845-0.0295918271059765i
3.94+0i,0.0426239611289822-0.0198624698081515i
3.95+0i,0.0420088756948111-0.0357223960976577i
3.96+0i,0.0415719174429412-0.0173527601372675i
3.97+0i,0.046086563708621-0.032856217367763i
3.98+0i,0.037598375076897-0.0252853393544476i
3.99+0i,0.0428234209232403-0.019442344965576i
4+0i,0.0396146671161989-0.0318711807501647i
4.01+0i,0.0389987852614725-0.0176714681100185i
4.02+0i,0.0443319864769747-0.0345547627281295i
4.03+0i,0.0417576492329201-0.0191046494687603i
4.04+0i,0.0471761255351628-0.0255026658986598i
4.05+0i,0.0425688950651775-0.0289963387481713i
4.06+0i,0.0446097815101875-0.0183321725722785i
4.07+0i,0.0432392615219042-0.0342094750696597i
4.08+0i,0.0405414755917455-0.0171783894326743i
4.09+0i,0.0457462881475397-0.0324794338376903i
4.1+0i,0.0401466887667598-0.0225368093742085i
4.11+0i,0.0458706047118366-0.0212325194894025i
4.12+0i,0.0442167182129665-0.0334749818028174i
4.13+0i,0.0441313644786534-0.0160927606236614i
4.14+0i,0.0450036176740218-0.0339935168958759i
4.15+0i,0.0399022294468487-0.0190445483058084i
4.16+0i,0.0466098136391031-0.029318674893866i
4.17+0i,0.0399639763834145-0.0296562991603406i
4.18+0i,0.0423424870948926-0.0166235093001696i
4.19+0i,0.0426360328039087-0.0343637328255544i
4.2+0i,0.0413724576486837-0.0160391460544856i
4.21+0i,0.0455142366900666-0.0303512665570859i
4.22+0i,0.0386570383490009-0.0218566318680954i
4.23+0i,0.0453267299987298-0.0201077109479539i
4.24+0i,0.0400690694874116-0.0309370534777392i
4.25+0i,0.0416135582294377-0.016519949861678i
4.26+0i,0.0479581769926312-0.0363651333248829i
4.27+0i,0.0409788233484441-0.0196709613648146i
4.28+0i,0.0468809877546196-0.0280661964789435i
4.29+0i,0.0418973763545436-0.0288555229813354i
4.3+0i,0.0433410492040473-0.0184990568029981i
4.31+0i,0.0409611732671586-0.0347066565362483i
4.32+0i,0.0404039638116879-0.0149612692286991i
4.33+0i,0.0462652481932146-0.0339886424042594i
4.34+0i,0.038874467874179-0.0249183219575689i
4.35+0i,0.0447749956338916-0.0221280643095226i
4.36+0i,0.0400482689509174-0.0335989423228384i
4.37+0i,0.0421976199124071-0.0184879838504239i
4.38+0i,0.0437672249581695-0.0356914112740039i
4.39+0i,0.0395011118177294-0.0169411708741479i
4.4+0i,0.0460549514196444-0.0282424636984551i
4.41+0i,0.0378869254002887-0.0303432128372684i
4.42+0i,0.0433854108055902-0.0195115437512183i
4.43+0i,0.0452196712441794-0.0343425587100358i
4.44+0i,0.0439289119396636-0.0157549177448063i
4.45+0i,0.0477706909810455-0.034122902842859i
4.46+0i,0.0389042519445002-0.0220879540435175i
4.47+0i,0.0428640649746335-0.0231477670736592i
4.48+0i,0.0394815834758278-0.0346886424042613i
4.49+0i,0.0426298701255034-0.0167021313403037i
4.5+0i,0.0450415956627634-0.0353659242719256i
4.51+0i,0.039366819250225-0.01885110363404i
4.52+0i,0.0465598136390984-0.0293321026670643i
4.53+0i,0.0405619005684588-0.0276768302630235i
4.54+0i,0.043371917442938-0.0195262460410108i
4.55+0i,0.0414969371860527-0.0365436023420891i
4.56+0i,0.0387930864697382-0.0170733054558314i
4.57+0i,0.0429865876038131-0.034122968432313i
4.58+0i,0.0361398608967478-0.0218390839447935i
4.59+0i,0.0452021650151421-0.0230428849974373i
4.6+0i,0.0418956542618564-0.0311099619580968i
4.61+0i,0.0412093835977616-0.0155173256072527i
4.62+0i,0.0438689271940957-0.0371142072679537i
4.63+0i,0.0395743617482065-0.0193082120522598i
4.64+0i,0.0460455775579965-0.0294147585880974i
4.65+0i,0.0408641802277585-0.0257636584937366i
4.66+0i,0.0439153955752517-0.0202262170570957i
4.67+0i,0.0396495288733534-0.0368707625961947i
4.68+0i,0.0397816367931353-0.013342890644827i
4.69+0i,0.046369098909522-0.0328942757140059i
4.7+0i,0.0384733502450621-0.0199598188918211i
4.71+0i,0.0427109248478678-0.0231647697024955i
4.72+0i,0.0372526920018879-0.0357300478666183i
4.73+0i,0.0409521085528358-0.0206960747878699i
4.74+0i,0.0461768452518527-0.0386586543157196i
4.75+0i,0.0409447937943877-0.0169650844972125i
4.76+0i,0.0446120226202216-0.0312724728015198i
4.77+0i,0.0369000920808631-0.0278192106229778i
4.78+0i,0.0431892408421448-0.0202880692966473i
4.79+0i,0.0426125435812915-0.0367001576703247i
4.8+0i,0.0409674622630563-0.0160669397560734i
4.81+0i,0.0460402730250451-0.0369595315319729i
4.82+0i,0.0386342045852511-0.022188710365756i
4.83+0i,0.0454868967511366-0.0247148352919602i
4.84+0i,0.0403760305235901-0.0342077529769738i
4.85+0i,0.0426097571767911-0.0187455263484106i
4.86+0i,0.0431196147818749-0.0371125853895268i
4.87+0i,0.03649092206356-0.0161978735844215i
4.88+0i,0.0452811209207871-0.0315676427109705i
4.89+0i,0.0396603970881527-0.026423978269071i
4.9+0i,0.0455001181840958-0.018443409277387i
4.91+0i,0.0424310644584819-0.036644723116207i
4.92+0i,0.0389261701101084-0.0152843159639443i
4.93+0i,0.0445391232670171-0.0342284259881856i
4.94+0i,0.0359776350411436-0.0186559025860506i
4.95+0i,0.0431102142583247-0.0248294449520909i
4.96+0i,0.0404493865800376-0.0315513185427587i
4.97+0i,0.042315958782757-0.0164659075731671i
4.98+0i,0.041221846764756-0.0398012898936071i
4.99+0i,0.0358739225797187-0.014813981636135i
5+0i,0.0434505729436162-0.0292207976057866i
5.01+0i,0.0354554462774768-0.0261165573846455i
5.02+0i,0.0429646102691011-0.0217511059560463i
5.03+0i,0.0403292446474179-0.0389663395452236i
5.04+0i,0.0377549959945897-0.0145396701605551i
5.05+0i,0.0462414259280774-0.0365654580632447i
5.06+0i,0.0414691310384403-0.0231950104760579i
5.07+0i,0.0473847888072652-0.0263624224664921i
5.08+0i,0.0406868436077125-0.0312530207786821i
5.09+0i,0.0419723244825143-0.0173974408362867i
5.1+0i,0.0412679125459464-0.0384027819247469i
5.11+0i,0.0367206989504454-0.0160450550510099i
5.12+0i,0.0468974379055683-0.0336985977277157i
5.13+0i,0.0407859496797008-0.0276772038420524i
5.14+0i,0.0444635780861985-0.0212661754644311i
5.15+0i,0.0413939520259285-0.0374082486077708i
5.16+0i,0.0388711412639375-0.0150287431549455i
5.17+0i,0.0436554017025324-0.0358876468269073i
5.18+0i,0.036891298787592-0.0186451436422293i
5.19+0i,0.045152099425684-0.0266311471880196i
5.2+0i,0.0404597926245832-0.0339844999015006i
5.21+0i,0.0425017227016515-0.0191376301281535i
5.22+0i,0.0432647525624108-0.0395887965849461i
5.23+0i,0.0386762022390213-0.0154700798828393i
5.24+0i,0.0448326565300038-0.032520919657545i
5.25+0i,0.0358124164408042-0.0250766585475943i
5.26+0i,0.0430672905476267-0.0229079834897241i
5.27+0i,0.0400607508104229-0.0383037599673486i
5.28+0i,0.0406096960639694-0.0146146453287234i
5.29+0i,0.0472195090941006-0.0392593983658093i
5.3+0i,0.0388662739557609-0.0206155466674646i
5.31+0i,0.0458347232178058-0.0242528132807025i
5.32+0i,0.0406244678741807-0.0293926354138913i
5.33+0i,0.041675715350582-0.0195733619181413i
5.34+0i,0.0390348587124817-0.0406180295089979i
5.35+0i,0.0351077259367818-0.0141819894076843i
5.36+0i,0.044763172378254-0.0336040083866395i
5.37+0i,0.0396745000030952-0.0267435157381162i
5.38+0i,0.0446369372876508-0.0255563982168495i
5.39+0i,0.0389244145568755-0.0370728853081i
5.4+0i,0.0390852712190684-0.0123331097436072i
5.41+0i,0.0451124283281674-0.0385175994676582i
5.42+0i,0.0386026152980295-0.0187250962829802i
5.43+0i,0.0462145606054329-0.0277197681895951i
5.44+0i,0.0390212423011944-0.0309409987674189i
5.45+0i,0.0414376248754328-0.0170061188764288i
5.46+0i,0.0402283277176467-0.0376393367906808i
5.47+0i,0.0364854875094476-0.00924167529733851i
5.48+0i,0.0453479247940074-0.0281316428188156i
5.49+0i,0.0370015152036642-0.0192940793304165i
5.5+0i,0.0451416933811374-0.0187445713075696i
5.51+0i,0.0394510553554177-0.0339152863478131i
5.52+0i,0.0382332785283239-0.00874486232105968i
5.53+0i,0.0440755977754484-0.032408121467292i
5.54+0i,0.0360804214456446-0.0133656182826044i
5.55+0i,0.0464016074485289-0.0243702698460677i
5.56+0i,0.0386103649592417-0.028415446175881i
5.57+0i,0.0383544526438448-0.0161929471071326i
5.58+0i,0.04022125142834-0.0363632439934001i
5.59+0i,0.0400842610475584-0.0107232875863148i
5.6+0i,0.0461826244010858-0.0329691049352132i
5.61+0i,0.036730421445645-0.020893506995757i
5.62+0i,0.0444037153923955-0.0192940793304185i
5.63+0i,0.0394745270432864-0.0341527723593919i
5.64+0i,0.0383174558427038-0.011924331218379i
5.65+0i,0.042770563840561-0.0359990400412067i
5.66+0i,0.0374119005684592-0.014697097405414i
5.67+0i,0.0463438753220667-0.0285773015604297i
5.68+0i,0.0394998464282858-0.030530153554384i
5.69+0i,0.0426397328193025-0.0193848437236561i
5.7+0i,0.0416827011049483-0.0405937473956175i
5.71+0i,0.0372886840985252-0.0129196407143523i
5.72+0i,0.0433947282049279-0.0388670180058511i
5.73+0i,0.0331282891683757-0.0267091698533092i
5.74+0i,0.0415063842217655-0.0243259976217165i
5.75+0i,0.0389526598729717-0.0377597989850331i
5.76+0i,0.0397554017025314-0.015025923289898i
5.77+0i,0.0438390576775586-0.0404257225340168i
5.78+0i,0.0374706790936863-0.0175510793006492i
5.79+0i,0.047582149784806-0.0314228586526966i
5.8+0i,0.0366762468139644-0.0328028021662999i
5.81+0i,0.038683278528324-0.0186593475944171i
5.82+0i,0.0392908417060575-0.0412171869545752i
5.83+0i,0.0365577823990889-0.0147788492809163i
5.84+0i,0.0441360152691527-0.0375267745736851i
5.85+0i,0.0344526920018897-0.0248983246402699i
5.86+0i,0.0415249101876689-0.0247028132807028i
5.87+0i,0.0390598247534981-0.0384974033947383i
5.88+0i,0.0394528191423783-0.0182329499155303i
5.89+0i,0.0420744480174179-0.0432713559453618i
5.9+0i,0.0369793423657927-0.0174913227328173i
5.91+0i,0.0462810198835304-0.0323936500620416i
5.92+0i,0.0377961610070516-0.030686424680775i
5.93+0i,0.0426618559935104-0.0175199646297181i
5.94+0i,0.0403335666611342-0.0396317202956383i
5.95+0i,0.0372944774636288-0.0113722232745082i
5.96+0i,0.0448033914770315-0.0369870571313814i
5.97+0i,0.0335185647294599-0.0238547913772876i
5.98+0i,0.0413912220837337-0.0260554665190322i
5.99+0i,0.0371832078501464-0.0376425411752768i
6+0i,0.0389804921238226-0.0155182746659414i
6.01+0i,0.0430450497982865-0.0430560220918942i
6.02+0i,0.0353270627064875-0.016762463387796i
6.03+0i,0.043949276415636-0.0331212128790787i
6.04+0i,0.0363058198565042-0.0309732231045819i
6.05+0i,0.0411560396266464-0.0184097533023615i
6.06+0i,0.0416827011049418-0.0404708480424148i
6.07+0i,0.0390255977754528-0.0142239305991518i
6.08+0i,0.0438001627590348-0.0414268310359945i
6.09+0i,0.0358429644179717-0.0238944946037132i
6.1+0i,0.0443123961992564-0.0262805748533618i
6.11+0i,0.0362194785142337-0.0376893124572904i
6.12+0i,0.0397446129518043-0.0161797211975405i
6.13+0i,0.0420615269894225-0.045060596178546i
6.14+0i,0.0341114705271198-0.0175201776012092i
6.15+0i,0.0450048949573302-0.0353907304913762i
6.16+0i,0.0379683994343833-0.0336455271213701i
6.17+0i,0.0450684769112022-0.0220141087766282i
6.18+0i,0.0408423965599502-0.0416588916206089i
6.19+0i,0.0372098582140475-0.0118630532571992i
6.2+0i,0.0442082536964878-0.0393828700536724i
6.21+0i,0.0327134807526194-0.0225444381414017i
6.22+0i,0.0409797724071281-0.026456530830846i
6.23+0i,0.0365575129652849-0.0365909541924752i
6.24+0i,0.037669605654722-0.0184081143338892i
6.25+0i,0.0409309988690198-0.0470226774188232i
6.26+0i,0.0352646869729563-0.0158673256072548i
6.27+0i,0.0438690989095258-0.0335467603819031i
6.28+0i,0.0345091587388991-0.0304190484729054i
6.29+0i,0.0415829125338997-0.0225656122569254i
6.3+0i,0.0373823283118845-0.0424323633084703i
6.31+0i,0.0353140916365396-0.0135099131304335i
6.32+0i,0.0454131159159495-0.0420149215111371i
6.33+0i,0.0355238661174089-0.0202351974459259i
6.34+0i,0.0453180345977145-0.0267874004013668i
6.35+0i,0.0377914288087538-0.0386304870351095i
6.36+0i,0.0387380254946568-0.0163124312588803i
6.37+0i,0.0409004508918472-0.042312135106644i
6.38+0i,0.0350302226900192-0.0133606725606455i
6.39+0i,0.0467438753220622-0.0383157107482649i
6.4+0i,0.0377004508918513-0.0334080411097886i
6.41+0i,0.0426253493561631-0.0233058878180058i
6.42+0i,0.0378412101963693-0.0421209457607832i
6.43+0i,0.0370821287702927-0.0130415345465607i
6.44+0i,0.0445256299043611-0.0443237564986802i
6.45+0i,0.0345766525219109-0.020318942012168i
6.46+0i,0.0448729289460815-0.0270195353613426i
6.47+0i,0.0370544972187888-0.0368126716587415i
6.48+0i,0.0403436317642009-0.0162402989575265i
6.49+0i,0.0413495197462052-0.0451279311303546i
6.5+0i,0.0354412987875915-0.0152802131747037i
6.51+0i,0.0457510351138688-0.0384006321127303i
6.52+0i,0.0335166921097314-0.0301113998489485i
6.53+0i,0.0410429243196658-0.0221965139563548i
6.54+0i,0.0381346914736872-0.043446754356221i
6.55+0i,0.0370602440652285-0.0127652673270493i
6.56+0i,0.0436234158345116-0.0423894395977843i
6.57+0i,0.0354510232265115-0.0213406370887524i
6.58+0i,0.0469995137205267-0.0322082597221734i
6.59+0i,0.035814797137357-0.0376573495910444i
6.6+0i,0.0405489362971476-0.0162224064391046i
6.61+0i,0.0432456741186169-0.0465976994839405i
6.62+0i,0.0347201536559839-0.012689124866096i
6.63+0i,0.04512120685339-0.03731199319812i
6.64+0i,0.0340248983003144-0.0284873507376965i
6.65+0i,0.0428157401703715-0.0214004302621316i
6.66+0i,0.0391299643641087-0.041814243050513i
6.67+0i,0.0364647525624144-0.0125400707797885i
6.68+0i,0.0441679491514993-0.0449252921078861i
6.69+0i,0.0327706084155082-0.0206325492963098i
6.7+0i,0.0445538306455175-0.0310668665319756i
6.71+0i,0.0387598017517286-0.0349621553481996i
6.72+0i,0.0398085951466095-0.0164978414555026i
6.73+0i,0.0404204951060984-0.0457751447258558i
6.74+0i,0.0358950966952368-0.0121268990104948i
6.75+0i,0.0467163125050321-0.0409396216046057i
6.76+0i,0.0333026034106699-0.0295510144841498i
6.77+0i,0.0413071893846754-0.0251532731289451i
6.78+0i,0.0364636672360804-0.0442821645528554i
6.79+0i,0.0351716250073751-0.0130643850220672i
6.8+0i,0.0425842045852478-0.0468995566865165i
6.81+0i,0.030644023641063-0.0190645956650629i
6.82+0i,0.0429815266287217-0.031421207790371i
6.83+0i,0.034648890949245-0.0365132761223077i
6.84+0i,0.0393097571767914-0.0188453971502395i
6.85+0i,0.0405869909897399-0.0471161129634459i
6.86+0i,0.0347490130010122-0.011712801184265i
6.87+0i,0.0463495086318076-0.041134759385154i
6.88+0i,0.0324434191774942-0.0262157343086938i
6.89+0i,0.0396804921238178-0.024275019579126i
6.9+0i,0.0358153360114759-0.0423430368060726i
6.91+0i,0.0355027484641984-0.0111726091256873i
6.92+0i,0.041979342365784-0.046898984351866i
6.93+0i,0.0317418146599365-0.0183617257580662i
6.94+0i,0.0459222413583058-0.0356618954797378i
6.95+0i,0.0361412423252824-0.0381289835548062i
6.96+0i,0.038144556489492-0.0192293205783258i
6.97+0i,0.0393630117772293-0.0488364612362861i
6.98+0i,0.0348548242791565-0.0131655057961911i
6.99+0i,0.0447977865391145-0.0434396780669256i
7+0i,0.0306864581413133-0.0264401868058745i
7.01+0i,0.0416941893308207-0.0240251578339995i
7.02+0i,0.0360576603473197-0.0427403886564637i
7.03+0i,0.0367831632751973-0.0125383486870987i
7.04+0i,0.0448722390362827-0.0481024316822491i
7.05+0i,0.0314673649294781-0.0169032842433386i
7.06+0i,0.0450989684260614-0.0348218416760466i
7.07+0i,0.0347358026824447-0.0352598196647892i
7.08+0i,0.0385797994473256-0.0170775984856259i
7.09+0i,0.0380118298902786-0.049454475368281i
7.1+0i,0.0311342721619562-0.0128497662347884i
7.11+0i,0.0443440084882242-0.042153914148036i
7.12+0i,0.0336026598729795-0.0228663563070089i
7.13+0i,0.0422990836791881-0.0227669286416696i
7.14+0i,0.0341581762196627-0.0393952457872059i
7.15+0i,0.0357439520259293-0.0111726091256803i
7.16+0i,0.0425624260061621-0.049129532329025i
7.17+0i,0.0298813971662356-0.014902618228746i
7.18+0i,0.0436721527670757-0.0357576055949473i
7.19+0i,0.0359541633532833-0.0347412936988711i
7.2+0i,0.0424955775579959-0.0183660991453606i
7.21+0i,0.0386048830699659-0.0474740656460052i
7.22+0i,0.0310716869431906-0.00687429543582801i
7.23+0i,0.0433362712730594-0.0425979311544433i
7.24+0i,0.0299462055819962-0.0232086420935964i
7.25+0i,0.0431714106977383-0.0252972488793061i
7.26+0i,0.0370391343814216-0.0435946464123456i
7.27+0i,0.0339527163352864-0.0145591221833885i
7.28+0i,0.0389680258553486-0.0499629323001563i
7.29+0i,0.0302484852412979-0.0127664441252764i
7.3+0i,0.0436674571743425-0.0370327158729849i
7.31+0i,0.0312107389230636-0.0343715543291965i
7.32+0i,0.0390108214886026-0.020414969244094i
7.33+0i,0.0373923722265438-0.0490915543402968i
7.34+0i,0.0326358733606319-0.00712426330690508i
7.35+0i,0.0464858678871178-0.0444316435917819i
7.36+0i,0.0327565909467857-0.0214549245434548i
7.37+0i,0.0424197033730994-0.02585542017424i
7.38+0i,0.0329939580516077-0.042650080966464i
7.39+0i,0.034607610683655-0.0148742720492712i
7.4+0i,0.0411972909083103-0.0537290697739941i
7.41+0i,0.0307869203115729-0.014995104714667i
7.42+0i,0.0427457576211145-0.0388088209424291i
7.43+0i,0.0287761518023885-0.0338972202301496i
7.44+0i,0.0385891553959234-0.018932345451974i
7.45+0i,0.0378951586310598-0.0493082398153774i
7.46+0i,0.0314163327465771-0.0106242335000036i
7.47+0i,0.0417478830997297-0.0471768668185482i
7.48+0i,0.0300516722650266-0.0195278826874705i
7.49+0i,0.043846182021565-0.0270914200663989i
7.5+0i,0.0341299258148429-0.0419094548281155i
7.51+0i,0.0365789886435191-0.0128266848747458i
7.52+0i,0.0410051902735838-0.0523605759369868i
7.53+0i,0.0302676156707757-0.0113150956116134i
7.54+0i,0.0455968604821877-0.0411436638931241i
7.55+0i,0.0310810704841499-0.0340248983003203i
7.56+0i,0.0385011774071902-0.0206574923355612i
7.57+0i,0.0378223106514319-0.05203465485514i
7.58+0i,0.0338364135663727-0.00922055084548763i
7.59+0i,0.0423309988690268-0.0484703679526084i
7.6+0i,0.0278768353517434-0.0205842713889958i
7.61+0i,0.0425305485861282-0.0302521642421866i
7.62+0i,0.0322906824366525-0.0430381475464326i
7.63+0i,0.0332180548392663-0.0121912746781092i
7.64+0i,0.0370957457337512-0.0526884527627837i
7.65+0i,0.0294430654552258-0.0104549288592107i
7.66+0i,0.0482735577430367-0.0420013960195895i
7.67+0i,0.0329816157786238-0.0316638325311703i
7.68+0i,0.0401582215675768-0.01989907980476i
7.69+0i,0.0351678716746642-0.0487497803876273i
7.7+0i,0.0305434242662184-0.00605553100076354i
7.71+0i,0.0426087604416878-0.050388585928949i
7.72+0i,0.0267274076863967-0.0201348437236551i
7.73+0i,0.0428204474231764-0.0313870626049003i
7.74+0i,0.0352608609748347-0.0417860757698952i
7.75+0i,0.0378297815342811-0.0136609774422449i
7.76+0i,0.0393223626370994-0.0554434035734674i
7.77+0i,0.0267636286868227-0.010687334038953i
7.78+0i,0.04168307468398-0.0425664249914383i
7.79+0i,0.0257728105979882-0.029560957535453i
7.8+0i,0.0376501627590374-0.0232483421750294i
7.81+0i,0.033893041121838-0.0534811777178508i
7.82+0i,0.0307603406258487-0.00791198529174786i
7.83+0i,0.0446956741186078-0.0518026888438929i
7.84+0i,0.0294816479075314-0.015911333486528i
7.85+0i,0.0437946785412652-0.0303836704051843i
7.86+0i,0.02967326767952-0.0405060717555618i
7.87+0i,0.0350157847453151-0.012741712514974i
7.88+0i,0.0395881563387996-0.0557063567303792i
7.89+0i,0.0269924224423932-0.00860377910117338i
7.9+0i,0.0419359445909752-0.0445013463559137i
7.91+0i,0.0250136584937248-0.0296018054311966i
7.92+0i,0.0375947282049313-0.0230897624054134i
7.93+0i,0.0340304981495029-0.0520153725669897i
7.94+0i,0.0306408366173419-0.00893030741331312i
7.95+0i,0.0414871562848149-0.0547634279309602i
7.96+0i,0.0272018375601047-0.0182444827163464i
7.97+0i,0.0455409430780727-0.0381027575913529i
7.98+0i,0.0307304095582749-0.0441588084964001i
7.99+0i,0.0339418711222454-0.0153524516020406i
8+0i,0.0355298936859363-0.0575724500140432i
8.01+0i,0.0231183784198711-0.00709396607104018i
8.02+0i,0.0410233502450521-0.048354660520129i
8.03+0i,0.024351636482474-0.0315164003232834i
8.04+0i,0.0379662469155679-0.0242418234523358i
8.05+0i,0.0350063067449378-0.0512316646062966i
8.06+0i,0.0322014830747517-0.0077486096781187i
8.07+0i,0.0411705813753194-0.0564643590765927i
8.08+0i,0.0236754817493657-0.0139743363070941i
8.09+0i,0.0440311530496938-0.0360310259092227i
8.1+0i,0.0308120218472491-0.0437087763674914i
8.11+0i,0.0339183994343851-0.0159802131746967i
8.12+0i,0.0388706084155027-0.057342005396142i
8.13+0i,0.0288233948200081-0.0046487627010434i
8.14+0i,0.0440332785283287-0.0481182921376515i
8.15+0i,0.0266705965281461-0.0264760540840234i
8.16+0i,0.0397091476245007-0.0255905874250957i
8.17+0i,0.0327558445746792-0.0542229516705301i
8.18+0i,0.0321221683581195-0.00931555037113459i
8.19+0i,0.0432016520234692-0.0599079166729801i
8.2+0i,0.0272298936859325-0.0147640074046138i
8.21+0i,0.0443979903834532-0.0399125614943497i
8.22+0i,0.0274185207131895-0.0422604130139499i
8.23+0i,0.0331770627064877-0.0155432673688615i
8.24+0i,0.03344767051302-0.0564466001625468i
8.25+0i,0.0233281620278933-0.00424664911627464i
8.26+0i,0.0418327332338593-0.0527528438105329i
8.27+0i,0.0253380613272385-0.0270249094147149i
8.28+0i,0.0408457107241552-0.0278309336643644i
8.29+0i,0.0321283337433279-0.0526751657403637i
8.3+0i,0.0292031757453253-0.00913988761519095i
8.31+0i,0.0397754706349543-0.0617606534138193i
8.32+0i,0.0247315303324056-0.0136488401778545i
8.33+0i,0.0444940740776947-0.0428038485585649i
8.34+0i,0.029062021847258-0.0416360152691622i
8.35+0i,0.0360126767474555-0.0177337165891016i
8.36+0i,0.0357995964500714-0.0592785042379675i
8.37+0i,0.0267613677200286-0.00428392530136611i
8.38+0i,0.0441683176417972-0.0551795442163951i
8.39+0i,0.0222955331470409-0.0248042511715449i
8.4+0i,0.0387533863883149-0.0275837200688513i
8.41+0i,0.0315962822858521-0.0515758763299101i
8.42+0i,0.03013257905318-0.00762854406456393i
8.43+0i,0.0399820580921211-0.0594300077182675i
8.44+0i,0.0238500833385034-0.0094149780364804i
8.45+0i,0.0412181113015679-0.0435800688811334i
8.46+0i,0.023916928641657-0.0382492117566425i
8.47+0i,0.0359126446185486-0.0183651906231833i
8.48+0i,0.0362205428260475-0.0609523637207385i
8.49+0i,0.0278186875671957-0.00326392483907219i
8.5+0i,0.0440862712730403-0.0572856075674783i
8.51+0i,0.0227514326381264-0.0243978533428653i
8.52+0i,0.0406999441466544-0.0284006042995748i
8.53+0i,0.0295205965281361-0.0506921317636682i
8.54+0i,0.0302032322076353-0.0100966101822168i
8.55+0i,0.0397711807501645-0.0621660879679251i
8.56+0i,0.0227716111762929-0.00734717178726987i
8.57+0i,0.0453082040328136-0.0468496628124996i
8.58+0i,0.0259430535678682-0.0392881921213683i
8.59+0i,0.0338350253391964-0.0200596178141877i
8.6+0i,0.0322773827409088-0.060549147274904i
8.61+0i,0.0249125445182528-0.00143067224998609i
8.62+0i,0.0445846616667833-0.0572420053961363i
8.63+0i,0.0220449608123904-0.0199580967991333i
8.64+0i,0.0397119982868236-0.0307381177895596i
8.65+0i,0.0289793415928356-0.0492694220389239i
8.66+0i,0.0303821733452384-0.01035712307229i
8.67+0i,0.0390127213223968-0.0646895647445153i
8.68+0i,0.0227174885302875-0.00718679715208996i
8.69+0i,0.0439125706214897-0.0519169623165014i
8.7+0i,0.023493000250557-0.0382972909083249i
8.71+0i,0.0361056004581539-0.0223334804419607i
8.72+0i,0.0327549776868545-0.0634535257509311i
8.73+0i,0.0229435280102693-0.00563674068977538i
8.74+0i,0.0412043621088996-0.0602866241593343i
8.75+0i,0.0216531348740495-0.0154852471095923i
8.76+0i,0.0418966887667657-0.0340554462774739i
8.77+0i,0.0265217077369117-0.0491522155657375i
8.78+0i,0.0298299592753928-0.0102920985400352i
8.79+0i,0.0374315959218458-0.0636329772873729i
8.8+0i,0.0200331105165645-0.00311449717372202i
8.81+0i,0.0418842045852471-0.0534408731728615i
8.82+0i,0.0210797100831342-0.0343254706349709i
8.83+0i,0.0356683497707126-0.0212671511850303i
8.84+0i,0.0323701076959932-0.0607248009036945i
8.85+0i,0.0250372008597753-0.00309286597667441i
8.86+0i,0.0399437207402005-0.0624297517143828i
8.87+0i,0.0190462059667898-0.014292456565054i
8.88+0i,0.0424857966567721-0.0361056501218247i
8.89+0i,0.0277177766630939-0.0471029062985233i
8.9+0i,0.0300000117233623-0.00895243058752503i
8.91+0i,0.0344483342056269-0.0643459625731802i
8.92+0i,0.0182961968396373-0.00258616326640144i
8.93+0i,0.0417870744922409-0.0547071850689294i
8.94+0i,0.0204570003583961-0.0308527365768433i
8.95+0i,0.0350309667401088-0.0235657183828956i
8.96+0i,0.0281941178796713-0.0612290586595873i
8.97+0i,0.0224159381530341-0.00232103093528018i
8.98+0i,0.0405614705271266-0.0652754669182877i
8.99+0i,0.0187248478636825-0.013602198917014i
9+0i,0.0414168192502185-0.0392441507815596i
9.01+0i,0.0238998635683526-0.0443016730379934i
9.02+0i,0.0295618620191933-0.0100958995926763i
9.03+0i,0.0369999501723321-0.0665551660510327i
9.04+0i,0.0206907591405217-0.00199600610344614i
9.05+0i,0.0436556004581391-0.0588926690887409i
9.06+0i,0.019252742602517-0.0290614495126071i
9.07+0i,0.034736549054546-0.0218885612738015i
9.08+0i,0.027606629101369-0.0569438137580452i
9.09+0i,0.0202875037606274-0.00137690780287774i
9.1+0i,0.037729925814846-0.0667757999608084i
9.11+0i,0.0187587398119643-0.00947716728654127i
9.12+0i,0.0438495407607094-0.0413084524521293i
9.13+0i,0.0265516512505134-0.0450210022230862i
9.14+0i,0.0319017338160512-0.0126805677199645i
9.15+0i,0.0335289382068804-0.0685228025655653i
9.16+0i,0.016183272666642+0.000457777036157534i
9.17+0i,0.0409860598441047-0.0579607301176695i
9.18+0i,0.0178326296538042-0.0262136906226464i
9.19+0i,0.0354658168742234-0.027846201928366i
9.2+0i,0.0278175183372-0.0578981036428381i
9.21+0i,0.0212869405531221-0.00143714407571272i
9.22+0i,0.0372162620683885-0.0665209056124427i
9.23+0i,0.0158623866839317-0.00468901526036368i
9.24+0i,0.0422977530785766-0.0430540294011466i
9.25+0i,0.0243341895964137-0.0421094960841767i
9.26+0i,0.0297387286734697-0.0149053532596606i
9.27+0i,0.0305533534864152-0.0707617920574531i
9.28+0i,0.0160636167994637+0.000613214735278222i
9.29+0i,0.0401762468139607-0.0601171812636533i
9.3+0i,0.016559356721562-0.0218277495213116i
9.31+0i,0.0371169615435443-0.0285102162520717i
9.32+0i,0.0256543613359407-0.0550707426893977i
9.33+0i,0.0217783658722387+0.00247636859152466i
9.34+0i,0.0370304981494842-0.0679840483978287i
9.35+0i,0.0153743765662811-0.00531341809386984i
9.36+0i,0.0422930574858256-0.0478397487451014i
9.37+0i,0.0210615211277373-0.0409034006041889i
9.38+0i,0.0299832078501406-0.0146390413636021i
9.39+0i,0.0323326094122564-0.0661596868203703i
9.4+0i,0.0174437987822086+0.00410113078819703i
9.41+0i,0.0391547825848731-0.0623525675650921i
9.42+0i,0.0143179833881256-0.0182935566594208i
9.43+0i,0.037865324897072-0.0299951376165466i
9.44+0i,0.0268881059021791-0.0557778189787031i
9.45+0i,0.0243745743849456-0.00278827397699061i
9.46+0i,0.0369963529640376-0.0696357648496146i
9.47+0i,0.0158141087766204-0.00125147278646986i
9.48+0i,0.0424549959945784-0.0510609793229352i
9.49+0i,0.0185624968483246-0.0387913643770595i
9.5+0i,0.0296021145785151-0.0165720983420575i
9.51+0i,0.0287743590315187-0.0688209942036613i
9.52+0i,0.0171774721181061+0.00296985550972699i
9.53+0i,0.0415950112490251-0.0638129330731112i
9.54+0i,0.0135782833066966-0.013994158800984i
9.55+0i,0.036980625289985-0.0328300410679793i
9.56+0i,0.0237250871558072-0.0532921973531279i
9.57+0i,0.0226376754760599-0.000810185722238166i
9.58+0i,0.0372953065652579-0.0701569298379888i
9.59+0i,0.0167108533967257+0.000471435693888166i
9.6+0i,0.0428679960484303-0.054019866296151i
9.61+0i,0.0159462318492278-0.035978345630688i
9.62+0i,0.0271162620683973-0.0145409927982781i
9.63+0i,0.027363398187062-0.0613643857320046i
9.64+0i,0.0173128823147298+0.00827580305551596i
9.65+0i,0.0395820580921102-0.0655904958901582i
9.66+0i,0.0116033081385279-0.0123678351191612i
9.67+0i,0.0369718558919019-0.0343701513339892i
9.68+0i,0.0228298753782212-0.0515550527916551i
9.69+0i,0.0238890958321495-0.00367635532498624i
9.7+0i,0.0362896360378769-0.0711890134243753i
9.71+0i,0.0160418382203746+0.00280837370421563i
9.72+0i,0.0429573026940842-0.0544600357312478i
9.73+0i,0.0151827429632092-0.0322582597221734i
9.74+0i,0.0276866285251139-0.021944340423038i
9.75+0i,0.0249463025274111-0.0661491270333463i
9.76+0i,0.0167168455174553+0.00700743923968466i
9.77+0i,0.0396860212948261-0.0657611490446158i
9.78+0i,0.0136054725447064-0.00720688709903571i
9.79+0i,0.0391490451299244-0.0366565670515983i
9.8+0i,0.0197162612954316-0.0485821713514904i
9.81+0i,0.0210135722245171-0.00343596451077958i
9.82+0i,0.0319620167585504-0.0717665441124929i
9.83+0i,0.0119177692523739+0.00375075720916864i
9.84+0i,0.0397849100860641-0.0586977499205762i
9.85+0i,0.0140469103098499-0.0291060631870838i
9.86+0i,0.0310821733452397-0.0209611212944861i
9.87+0i,0.0250087843869072-0.0647567879294599i
9.88+0i,0.0122233940470475+0.00410955559115593i
9.89+0i,0.0345369970154082-0.0696133225779487i
9.9+0i,0.00948792229939393-0.00536828031332804i
9.91+0i,0.0374961701341985-0.040275072337755i
9.92+0i,0.0192842754274157-0.0462920610854877i
9.93+0i,0.0205779037019877-0.00620524679892053i
9.94+0i,0.0294213341578801-0.0710254558038928i
9.95+0i,0.0124749810298505+0.00641995322810113i
9.96+0i,0.0403304214456281-0.0623414716107589i
9.97+0i,0.0119543403214314-0.0254864692557196i
9.98+0i,0.0306767387911231-0.0243438336778358i
